Date,Value
2020-01-03,
2020-01-04,
2020-01-05,
2020-01-06,
2020-01-07,
2020-01-08,
2020-01-09,
2020-01-10,
2020-01-11,
2020-01-12,
2020-01-13,
2020-01-14,
2020-01-15,58.0
2020-01-16,58.0
2020-01-17,62.0
2020-01-18,63.0
2020-01-19,140.0
2020-01-20,216.0
2020-01-21,309.0
2020-01-22,456.0
2020-01-23,589.0
2020-01-24,864.0
2020-01-25,1336.0
2020-01-26,1994.0
2020-01-27,2783.0
2020-01-28,4556.0
2020-01-29,6038.0
2020-01-30,7794.0
2020-01-31,9807.0
2020-02-01,11918.0
2020-02-02,14449.0
2020-02-03,17207.0
2020-02-04,20369.0
2020-02-05,24159.0
2020-02-06,27743.0
2020-02-07,30628.0
2020-02-08,33558.0
2020-02-09,35523.0
2020-02-10,37728.0
2020-02-11,38433.0
2020-02-12,38986.0
2020-02-13,52400.0
2020-02-14,54454.0
2020-02-15,55001.0
2020-02-16,54430.0
2020-02-17,53655.0
2020-02-18,52311.0
2020-02-19,50173.0
2020-02-20,46879.0
2020-02-21,44714.0
2020-02-22,42365.0
2020-02-23,40676.0
2020-02-24,38196.0
2020-02-25,36496.0
2020-02-26,35281.0
2020-02-27,21212.0
2020-02-28,18334.0
2020-02-29,17558.0
2020-03-01,17250.0
2020-03-02,17036.0
2020-03-03,16920.0
2020-03-04,17235.0
2020-03-05,19568.0
2020-03-06,21534.0
2020-03-07,23688.0
2020-03-08,26893.0
2020-03-09,30809.0
2020-03-10,35015.0
2020-03-11,39599.0
2020-03-12,46602.0
2020-03-13,55520.0
2020-03-14,65024.0
2020-03-15,76536.0
2020-03-16,87858.0
2020-03-17,102450.0
2020-03-18,119788.0
2020-03-19,141401.0
2020-03-20,167138.0
2020-03-21,196912.0
2020-03-22,228749.0
2020-03-23,257444.0
2020-03-24,292644.0
2020-03-25,333905.0
2020-03-26,376851.0
2020-03-27,426521.0
2020-03-28,481456.0
2020-03-29,534796.0
2020-03-30,579734.0
2020-03-31,627297.0
2020-04-01,675937.0
2020-04-02,725216.0
2020-04-03,773570.0
2020-04-04,822190.0
2020-04-05,866164.0
2020-04-06,903961.0
2020-04-07,931308.0
2020-04-08,962016.0
2020-04-09,991556.0
2020-04-10,1019000.0
2020-04-11,1040098.0
2020-04-12,1056087.0
2020-04-13,1071376.0
2020-04-14,1073498.0
2020-04-15,1076236.0
2020-04-16,1077295.0
2020-04-17,1079185.0
2020-04-18,1080797.0
2020-04-19,1083230.0
2020-04-20,1084178.0
2020-04-21,1088178.0
2020-04-22,1085686.0
2020-04-23,1081047.0
2020-04-24,1074974.0
2020-04-25,1084364.0
2020-04-26,1085049.0
2020-04-27,1091517.0
2020-04-28,1095289.0
2020-04-29,1095093.0
2020-04-30,1097390.0
2020-05-01,1099914.0
2020-05-02,1105000.0
2020-05-03,1110941.0
2020-05-04,1118690.0
2020-05-05,1125608.0
2020-05-06,1127456.0
2020-05-07,1136623.0
2020-05-08,1144804.0
2020-05-09,1140016.0
2020-05-10,1148189.0
2020-05-11,1155039.0
2020-05-12,1158654.0
2020-05-13,1167745.0
2020-05-14,1177329.0
2020-05-15,1182125.0
2020-05-16,1195908.0
2020-05-17,1205366.0
2020-05-18,1222010.0
2020-05-19,1222998.0
2020-05-20,1239794.0
2020-05-21,1258065.0
2020-05-22,1277116.0
2020-05-23,1291008.0
2020-05-24,1309758.0
2020-05-25,1320718.0
2020-05-26,1341367.0
2020-05-27,1351803.0
2020-05-28,1364110.0
2020-05-29,1385394.0
2020-05-30,1402458.0
2020-05-31,1425534.0
2020-06-01,1456386.0
2020-06-02,1486030.0
2020-06-03,1491520.0
2020-06-04,1512071.0
2020-06-05,1530766.0
2020-06-06,1551458.0
2020-06-07,1572883.0
2020-06-08,1601365.0
2020-06-09,1617332.0
2020-06-10,1636346.0
2020-06-11,1669331.0
2020-06-12,1702203.0
2020-06-13,1724722.0
2020-06-14,1748208.0
2020-06-15,1753364.0
2020-06-16,1763340.0
2020-06-17,1788838.0
2020-06-18,1847798.0
2020-06-19,1869388.0
2020-06-20,1885741.0
2020-06-21,1937854.0
2020-06-22,1967639.0
2020-06-23,1986960.0
2020-06-24,2020331.0
2020-06-25,2061689.0
2020-06-26,2100771.0
2020-06-27,2145076.0
2020-06-28,2195986.0
2020-06-29,2242398.0
2020-06-30,2282364.0
2020-07-01,2327164.0
2020-07-02,2330183.0
2020-07-03,2393439.0
2020-07-04,2464450.0
2020-07-05,2496076.0
2020-07-06,2532543.0
2020-07-07,2571332.0
2020-07-08,2606359.0
2020-07-09,2649024.0
2020-07-10,2697247.0
2020-07-11,2734536.0
2020-07-12,2775618.0
2020-07-13,2816947.0
2020-07-14,2852413.0
2020-07-15,2879161.0
2020-07-16,2927127.0
2020-07-17,2961583.0
2020-07-18,2996832.0
2020-07-19,3029548.0
2020-07-20,3069596.0
2020-07-21,3107266.0
2020-07-22,3141240.0
2020-07-23,3176264.0
2020-07-24,3241601.0
2020-07-25,3302156.0
2020-07-26,3341656.0
2020-07-27,3376492.0
2020-07-28,3398996.0
2020-07-29,3433189.0
2020-07-30,3463016.0
2020-07-31,3519522.0
2020-08-01,3562370.0
2020-08-02,3603282.0
2020-08-03,3628522.0
2020-08-04,3647255.0
2020-08-05,3657197.0
2020-08-06,3680433.0
2020-08-07,3680280.0
2020-08-08,3678986.0
2020-08-09,3694284.0
2020-08-10,3703672.0
2020-08-11,3708255.0
2020-08-12,3710453.0
2020-08-13,3742216.0
2020-08-14,3731349.0
2020-08-15,3736911.0
2020-08-16,3735540.0
2020-08-17,3733454.0
2020-08-18,3733530.0
2020-08-19,3746222.0
2020-08-20,3756364.0
2020-08-21,3752717.0
2020-08-22,3748867.0
2020-08-23,3722029.0
2020-08-24,3720863.0
2020-08-25,3724755.0
2020-08-26,3727912.0
2020-08-27,3722930.0
2020-08-28,3722221.0
2020-08-29,3709612.0
2020-08-30,3711387.0
2020-08-31,3732687.0
2020-09-01,3736352.0
2020-09-02,3779029.0
2020-09-03,3785769.0
2020-09-04,3794012.0
2020-09-05,3811081.0
2020-09-06,3867101.0
2020-09-07,3883611.0
2020-09-08,3895514.0
2020-09-09,3904064.0
2020-09-10,3890587.0
2020-09-11,3900560.0
2020-09-12,3921805.0
2020-09-13,3952958.0
2020-09-14,3967762.0
2020-09-15,3995934.0
2020-09-16,3993727.0
2020-09-17,4016573.0
2020-09-18,4039351.0
2020-09-19,4056333.0
2020-09-20,4065721.0
2020-09-21,4080031.0
2020-09-22,4096930.0
2020-09-23,4131303.0
2020-09-24,4180839.0
2020-09-25,4195322.0
2020-09-26,4201994.0
2020-09-27,4203215.0
2020-09-28,4204498.0
2020-09-29,4201337.0
2020-09-30,4211995.0
2020-10-01,4227891.0
2020-10-02,4238399.0
2020-10-03,4247076.0
2020-10-04,4248864.0
2020-10-05,4264733.0
2020-10-06,4280224.0
2020-10-07,4319497.0
2020-10-08,4368795.0
2020-10-09,4410928.0
2020-10-10,4457405.0
2020-10-11,4519239.0
2020-10-12,4564536.0
2020-10-13,4620008.0
2020-10-14,4684632.0
2020-10-15,4738925.0
2020-10-16,4807410.0
2020-10-17,4879689.0
2020-10-18,4984282.0
2020-10-19,5055699.0
2020-10-20,5139826.0
2020-10-21,5260579.0
2020-10-22,5366503.0
2020-10-23,5482479.0
2020-10-24,5586544.0
2020-10-25,5723229.0
2020-10-26,5843556.0
2020-10-27,5945293.0
2020-10-28,6096763.0
2020-10-29,6261233.0
2020-10-30,6391569.0
2020-10-31,6521180.0
2020-11-01,6651512.0
2020-11-02,6758894.0
2020-11-03,6911794.0
2020-11-04,6999251.0
2020-11-05,7088561.0
2020-11-06,7194061.0
2020-11-07,7304097.0
2020-11-08,7380152.0
2020-11-09,7449142.0
2020-11-10,7490086.0
2020-11-11,7555877.0
2020-11-12,7624635.0
2020-11-13,7727636.0
2020-11-14,7824793.0
2020-11-15,7876932.0
2020-11-16,7935186.0
2020-11-17,7914986.0
2020-11-18,7942546.0
2020-11-19,7998944.0
2020-11-20,8053254.0
2020-11-21,8108278.0
2020-11-22,8140702.0
2020-11-23,8152008.0
2020-11-24,8190982.0
2020-11-25,8178842.0
2020-11-26,8169654.0
2020-11-27,8198942.0
2020-11-28,8165300.0
2020-11-29,8135085.0
2020-11-30,8112059.0
2020-12-01,8115605.0
2020-12-02,8113966.0
2020-12-03,8136238.0
2020-12-04,8172426.0
2020-12-05,8212239.0
2020-12-06,8237951.0
2020-12-07,8269771.0
2020-12-08,8306044.0
2020-12-09,8339471.0
2020-12-10,8412721.0
2020-12-11,8432541.0
2020-12-12,8510284.0
2020-12-13,8611841.0
2020-12-14,8673984.0
2020-12-15,8713619.0
2020-12-16,8787438.0
2020-12-17,8807714.0
2020-12-18,8874014.0
2020-12-19,8927140.0
2020-12-20,8956804.0
2020-12-21,8968189.0
2020-12-22,8988928.0
2020-12-23,9008805.0
2020-12-24,9002536.0
2020-12-25,8985939.0
2020-12-26,8918636.0
2020-12-27,8690559.0
2020-12-28,8565463.0
2020-12-29,8542837.0
2020-12-30,8514437.0
2020-12-31,8581005.0
2021-01-01,8591761.0
2021-01-02,8514192.0
2021-01-03,8386295.0
2021-01-04,8380552.0
2021-01-05,8421444.0
2021-01-06,8477814.0
2021-01-07,8598676.0
2021-01-08,8708070.0
2021-01-09,8912713.0
2021-01-10,9235091.0
2021-01-11,9454167.0
2021-01-12,9556594.0
2021-01-13,9623117.0
2021-01-14,9625038.0
2021-01-15,9601691.0
2021-01-16,9662680.0
2021-01-17,9828097.0
2021-01-18,9858620.0
2021-01-19,9808432.0
2021-01-20,9714756.0
2021-01-21,9550375.0
2021-01-22,9429954.0
2021-01-23,9244830.0
2021-01-24,9077747.0
2021-01-25,8922523.0
2021-01-26,8756686.0
2021-01-27,8610058.0
2021-01-28,8454323.0
2021-01-29,8316112.0
2021-01-30,8162454.0
2021-01-31,7991020.0
2021-02-01,7844156.0
2021-02-02,7690541.0
2021-02-03,7567441.0
2021-02-04,7433511.0
2021-02-05,7252387.0
2021-02-06,7100952.0
2021-02-07,6936482.0
2021-02-08,6797214.0
2021-02-09,6686761.0
2021-02-10,6532885.0
2021-02-11,6366417.0
2021-02-12,6206486.0
2021-02-13,6064855.0
2021-02-14,5906512.0
2021-02-15,5775390.0
2021-02-16,5687484.0
2021-02-17,5580085.0
2021-02-18,5460161.0
2021-02-19,5371811.0
2021-02-20,5279119.0
2021-02-21,5202178.0
2021-02-22,5158650.0
2021-02-23,5133394.0
2021-02-24,5122484.0
2021-02-25,5130049.0
2021-02-26,5126186.0
2021-02-27,5125398.0
2021-02-28,5133084.0
2021-03-01,5157097.0
2021-03-02,5174022.0
2021-03-03,5201856.0
2021-03-04,5245355.0
2021-03-05,5292906.0
2021-03-06,5340798.0
2021-03-07,5392424.0
2021-03-08,5414112.0
2021-03-09,5473253.0
2021-03-10,5497971.0
2021-03-11,5532417.0
2021-03-12,5581620.0
2021-03-13,5632090.0
2021-03-14,5709202.0
2021-03-15,5758223.0
2021-03-16,5821297.0
2021-03-17,5882110.0
2021-03-18,5995914.0
2021-03-19,6103235.0
2021-03-20,6209650.0
2021-03-21,6316963.0
2021-03-22,6425086.0
2021-03-23,6497611.0
2021-03-24,6628375.0
2021-03-25,6772455.0
2021-03-26,6916897.0
2021-03-27,7049172.0
2021-03-28,7176337.0
2021-03-29,7311191.0
2021-03-30,7422649.0
2021-03-31,7532392.0
2021-04-01,7645532.0
2021-04-02,7760585.0
2021-04-03,7869732.0
2021-04-04,7902283.0
2021-04-05,7980323.0
2021-04-06,8044323.0
2021-04-07,8106468.0
2021-04-08,8233809.0
2021-04-09,8373943.0
2021-04-10,8511371.0
2021-04-11,8654896.0
2021-04-12,8790591.0
2021-04-13,8922105.0
2021-04-14,9091933.0
2021-04-15,9252655.0
2021-04-16,9401729.0
2021-04-17,9555718.0
2021-04-18,9812660.0
2021-04-19,10032041.0
2021-04-20,10232459.0
2021-04-21,10432718.0
2021-04-22,10589031.0
2021-04-23,10721831.0
2021-04-24,10826601.0
2021-04-25,10923130.0
2021-04-26,11037369.0
2021-04-27,11123011.0
2021-04-28,11186010.0
2021-04-29,11258042.0
2021-04-30,11322001.0
2021-05-01,11378524.0
2021-05-02,11382383.0
2021-05-03,11361186.0
2021-05-04,11340919.0
2021-05-05,11308285.0
2021-05-06,11270376.0
2021-05-07,11217442.0
2021-05-08,11191628.0
2021-05-09,11157401.0
2021-05-10,11082927.0
2021-05-11,11018071.0
2021-05-12,10897573.0
2021-05-13,10775373.0
2021-05-14,10629330.0
2021-05-15,10465632.0
2021-05-16,10303936.0
2021-05-17,10170784.0
2021-05-18,10038031.0
2021-05-19,9874719.0
2021-05-20,9675910.0
2021-05-21,9472672.0
2021-05-22,9291457.0
2021-05-23,9053409.0
2021-05-24,8868442.0
2021-05-25,8671519.0
2021-05-26,8504055.0
2021-05-27,8317341.0
2021-05-28,8151484.0
2021-05-29,7977624.0
2021-05-30,7772107.0
2021-05-31,7621509.0
2021-06-01,7451585.0
2021-06-02,7279435.0
2021-06-03,7092137.0
2021-06-04,6941662.0
2021-06-05,6757500.0
2021-06-06,6569578.0
2021-06-07,6423271.0
2021-06-08,6302478.0
2021-06-09,6163490.0
2021-06-10,5972540.0
2021-06-11,5841545.0
2021-06-12,5741945.0
2021-06-13,5670500.0
2021-06-14,5569938.0
2021-06-15,5491385.0
2021-06-16,5407278.0
2021-06-17,5332882.0
2021-06-18,5263274.0
2021-06-19,5199043.0
2021-06-20,5196784.0
2021-06-21,5160490.0
2021-06-22,5140484.0
2021-06-23,5120117.0
2021-06-24,5156567.0
2021-06-25,5173813.0
2021-06-26,5164189.0
2021-06-27,5169305.0
2021-06-28,5175661.0
2021-06-29,5195117.0
2021-06-30,5234074.0
2021-07-01,5272602.0
2021-07-02,5267751.0
2021-07-03,5325784.0
2021-07-04,5368906.0
2021-07-05,5409354.0
2021-07-06,5456141.0
2021-07-07,5532763.0
2021-07-08,5607068.0
2021-07-09,5652902.0
2021-07-10,5904210.0
2021-07-11,5991862.0
2021-07-12,6059984.0
2021-07-13,6145254.0
2021-07-14,6277917.0
2021-07-15,6406680.0
2021-07-16,6574499.0
2021-07-17,6714672.0
2021-07-18,6836426.0
2021-07-19,6918369.0
2021-07-20,7011532.0
2021-07-21,7126335.0
2021-07-22,7185212.0
2021-07-23,7283184.0
2021-07-24,7212397.0
2021-07-25,7353329.0
2021-07-26,7405187.0
2021-07-27,7463013.0
2021-07-28,7564781.0
2021-07-29,7670377.0
2021-07-30,7757337.0
2021-07-31,7834931.0
2021-08-01,7909215.0
2021-08-02,7974357.0
2021-08-03,8036725.0
2021-08-04,8143343.0
2021-08-05,8268132.0
2021-08-06,8414783.0
2021-08-07,8523126.0
2021-08-08,8563460.0
2021-08-09,8654716.0
2021-08-10,8718572.0
2021-08-11,8747054.0
2021-08-12,8783746.0
2021-08-13,8839406.0
2021-08-14,8898667.0
2021-08-15,8940477.0
2021-08-16,8993748.0
2021-08-17,9031775.0
2021-08-18,9027838.0
2021-08-19,9107438.0
2021-08-20,9113265.0
2021-08-21,9137996.0
2021-08-22,9135660.0
2021-08-23,9110892.0
2021-08-24,9127148.0
2021-08-25,9151575.0
2021-08-26,9175939.0
2021-08-27,9179141.0
2021-08-28,9178123.0
2021-08-29,9192237.0
2021-08-30,9172298.0
2021-08-31,9138904.0
2021-09-01,9128762.0
2021-09-02,9060772.0
2021-09-03,9023721.0
2021-09-04,8979361.0
2021-09-05,8953459.0
2021-09-06,8920254.0
2021-09-07,8871385.0
2021-09-08,8786238.0
2021-09-09,8630694.0
2021-09-10,8506128.0
2021-09-11,8423341.0
2021-09-12,8318320.0
2021-09-13,8234887.0
2021-09-14,8183753.0
2021-09-15,8095111.0
2021-09-16,7980887.0
2021-09-17,7837590.0
2021-09-18,7740084.0
2021-09-19,7636754.0
2021-09-20,7686158.0
2021-09-21,7611060.0
2021-09-22,7523365.0
2021-09-23,7466329.0
2021-09-24,7404224.0
2021-09-25,7287041.0
2021-09-26,7206207.0
2021-09-27,7117876.0
2021-09-28,7026723.0
2021-09-29,6971198.0
2021-09-30,6880784.0
2021-10-01,6802481.0
2021-10-02,6708378.0
2021-10-03,6623498.0
2021-10-04,6400935.0
2021-10-05,6329891.0
2021-10-06,6294069.0
2021-10-07,6249644.0
2021-10-08,6186220.0
2021-10-09,6123491.0
2021-10-10,6066732.0
2021-10-11,6014651.0
2021-10-12,5990135.0
2021-10-13,5953543.0
2021-10-14,5917853.0
2021-10-15,5877946.0
2021-10-16,5850826.0
2021-10-17,5832830.0
2021-10-18,5819513.0
2021-10-19,5820339.0
2021-10-20,5833461.0
2021-10-21,5841739.0
2021-10-22,5843305.0
2021-10-23,5859710.0
2021-10-24,5868037.0
2021-10-25,5860034.0
2021-10-26,5854014.0
2021-10-27,5903673.0
2021-10-28,5965065.0
2021-10-29,6017645.0
2021-10-30,6083191.0
2021-10-31,6106979.0
2021-11-01,6108685.0
2021-11-02,6101247.0
2021-11-03,6145793.0
2021-11-04,6173950.0
2021-11-05,6214890.0
2021-11-06,6255376.0
2021-11-07,6287847.0
2021-11-08,6314142.0
2021-11-09,6359619.0
2021-11-10,6454142.0
2021-11-11,6496959.0
2021-11-12,6555945.0
2021-11-13,6540707.0
2021-11-14,6618664.0
2021-11-15,6695096.0
2021-11-16,6756979.0
2021-11-17,6898723.0
2021-11-18,6997296.0
2021-11-19,7090490.0
2021-11-20,7199812.0
2021-11-21,7286256.0
2021-11-22,7351916.0
2021-11-23,7437070.0
2021-11-24,7572036.0
2021-11-25,7671991.0
2021-11-26,7779879.0
2021-11-27,7863666.0
2021-11-28,7876781.0
2021-11-29,7910757.0
2021-11-30,7960728.0
2021-12-01,7977087.0
2021-12-02,8065345.0
2021-12-03,8156996.0
2021-12-04,8224321.0
2021-12-05,8306144.0
2021-12-06,8351219.0
2021-12-07,8340194.0
2021-12-08,8368918.0
2021-12-09,8419841.0
2021-12-10,8433377.0
2021-12-11,8513098.0
2021-12-12,8588949.0
2021-12-13,8619990.0
2021-12-14,8620402.0
2021-12-15,8739790.0
2021-12-16,8798653.0
2021-12-17,8857391.0
2021-12-18,8917742.0
2021-12-19,8986466.0
2021-12-20,9045026.0
2021-12-21,9130987.0
2021-12-22,9324094.0
2021-12-23,9554325.0
2021-12-24,9889435.0
2021-12-25,10256472.0
2021-12-26,10641301.0
2021-12-27,10739926.0
2021-12-28,11095155.0
2021-12-29,11882996.0
2021-12-30,12764793.0
2021-12-31,13851337.0
2022-01-01,15057518.0
2022-01-02,16267707.0
2022-01-03,16846192.0
2022-01-04,17716086.0
2022-01-05,19387065.0
2022-01-06,21197202.0
2022-01-07,22822714.0
2022-01-08,24349608.0
2022-01-09,26615552.0
2022-01-10,28180170.0
2022-01-11,29342365.0
2022-01-12,31311568.0
2022-01-13,32832362.0
2022-01-14,34164624.0
2022-01-15,35386974.0
2022-01-16,37033371.0
2022-01-17,38353262.0
2022-01-18,39134507.0
2022-01-19,40259698.0
2022-01-20,41271020.0
2022-01-21,42444839.0
2022-01-22,43561722.0
2022-01-23,44096265.0
2022-01-24,44638162.0
2022-01-25,45162940.0
2022-01-26,45674653.0
2022-01-27,46090332.0
2022-01-28,46516014.0
2022-01-29,46803193.0
2022-01-30,46679637.0
2022-01-31,46707206.0
2022-02-01,46760929.0
2022-02-02,46438131.0
2022-02-03,45826438.0
2022-02-04,45027490.0
2022-02-05,44336568.0
2022-02-06,43227908.0
2022-02-07,42551232.0
2022-02-08,41967588.0
2022-02-09,40917965.0
2022-02-10,39971454.0
2022-02-11,38833811.0
2022-02-12,37626132.0
2022-02-13,36309105.0
2022-02-14,35420934.0
2022-02-15,34762438.0
2022-02-16,33469962.0
2022-02-17,32413822.0
2022-02-18,31416943.0
2022-02-19,30297031.0
2022-02-20,29355219.0
2022-02-21,28650764.0
2022-02-22,28173329.0
2022-02-23,26981744.0
2022-02-24,26174438.0
2022-02-25,25442634.0
2022-02-26,24782996.0
2022-02-27,24105536.0
2022-02-28,23788567.0
2022-03-01,23487653.0
2022-03-02,23021017.0
2022-03-03,22644737.0
2022-03-04,22283364.0
2022-03-05,22026633.0
2022-03-06,21921396.0
2022-03-07,21807835.0
2022-03-08,21840095.0
2022-03-09,21887005.0
2022-03-10,21842804.0
2022-03-11,21915606.0
2022-03-12,22290192.0
2022-03-13,22613373.0
2022-03-14,22757191.0
2022-03-15,22943959.0
2022-03-16,23461450.0
2022-03-17,23787940.0
2022-03-18,23955058.0
2022-03-19,24236682.0
2022-03-20,24226382.0
2022-03-21,24260199.0
2022-03-22,24365253.0
2022-03-23,24306499.0
2022-03-24,24229043.0
2022-03-25,24108825.0
2022-03-26,23678286.0
2022-03-27,23454004.0
2022-03-28,23313454.0
2022-03-29,23131911.0
2022-03-30,22540052.0
2022-03-31,21939945.0
2022-04-01,21496214.0
2022-04-02,20788665.0
2022-04-03,20484174.0
2022-04-04,20088069.0
2022-04-05,19408482.0
2022-04-06,18832615.0
2022-04-07,18424286.0
2022-04-08,17804732.0
2022-04-09,17206545.0
2022-04-10,16778945.0
2022-04-11,16266071.0
2022-04-12,15669413.0
2022-04-13,15096272.0
2022-04-14,14479944.0
2022-04-15,14046034.0
2022-04-16,13553772.0
2022-04-17,13070920.0
2022-04-18,12795398.0
2022-04-19,12304996.0
2022-04-20,11718453.0
2022-04-21,11329475.0
2022-04-22,11034949.0
2022-04-23,10749552.0
2022-04-24,10458178.0
2022-04-25,10140160.0
2022-04-26,9928167.0
2022-04-27,9550629.0
2022-04-28,9394953.0
2022-04-29,9044138.0
2022-04-30,8866240.0
2022-05-01,8740980.0
2022-05-02,8531336.0
2022-05-03,8479963.0
2022-05-04,8389628.0
2022-05-05,8034629.0
2022-05-06,7801956.0
2022-05-07,7677607.0
2022-05-08,7634186.0
2022-05-09,7569302.0
2022-05-10,7473681.0
2022-05-11,7477294.0
2022-05-12,7412551.0
2022-05-13,7414872.0
2022-05-14,7434027.0
2022-05-15,7585767.0
2022-05-16,7584493.0
2022-05-17,7584274.0
2022-05-18,7668642.0
2022-05-19,7728297.0
2022-05-20,7752103.0
2022-05-21,7717573.0
2022-05-22,7760122.0
2022-05-23,7708480.0
2022-05-24,7657933.0
2022-05-25,7561183.0
2022-05-26,7489378.0
2022-05-27,7382497.0
2022-05-28,7306901.0
2022-05-29,7181745.0
2022-05-30,7133629.0
2022-05-31,7080775.0
2022-06-01,6912656.0
2022-06-02,6870923.0
2022-06-03,6816629.0
2022-06-04,6761920.0
2022-06-05,6648488.0
2022-06-06,6612858.0
2022-06-07,6544995.0
2022-06-08,6537169.0
2022-06-09,6637255.0
2022-06-10,6725905.0
2022-06-11,6786490.0
2022-06-12,6716899.0
2022-06-13,6769772.0
2022-06-14,6814460.0
2022-06-15,6953447.0
2022-06-16,6989153.0
2022-06-17,7062000.0
2022-06-18,7182578.0
2022-06-19,7195997.0
2022-06-20,7259213.0
2022-06-21,7374182.0
2022-06-22,7576163.0
2022-06-23,7701862.0
2022-06-24,7856854.0
2022-06-25,8100662.0
2022-06-26,8315840.0
2022-06-27,8400463.0
2022-06-28,8532718.0
2022-06-29,8800004.0
2022-06-30,9119573.0
2022-07-01,9413548.0
2022-07-02,9792508.0
2022-07-03,10155639.0
2022-07-04,10365623.0
2022-07-05,10515892.0
2022-07-06,10828528.0
2022-07-07,11089206.0
2022-07-08,11355774.0
2022-07-09,11638288.0
2022-07-10,11991404.0
2022-07-11,12219225.0
2022-07-12,12357076.0
2022-07-13,12670422.0
2022-07-14,12811480.0
2022-07-15,12960974.0
2022-07-16,13007102.0
2022-07-17,13417767.0
2022-07-18,13682659.0
2022-07-19,13783982.0
2022-07-20,13873957.0
2022-07-21,13930523.0
2022-07-22,13979902.0
2022-07-23,14004243.0
2022-07-24,14313686.0
2022-07-25,14520577.0
2022-07-26,14642911.0
2022-07-27,14537528.0
2022-07-28,14504494.0
2022-07-29,14459406.0
2022-07-30,14451994.0
2022-07-31,14567690.0
2022-08-01,14502859.0
2022-08-02,14547223.0
2022-08-03,14410928.0
2022-08-04,14704067.0
2022-08-05,14551628.0
2022-08-06,14573204.0
2022-08-07,14213498.0
2022-08-08,14070077.0
2022-08-09,13985876.0
2022-08-10,13811761.0
2022-08-11,13674185.0
2022-08-12,13501889.0
2022-08-13,13336038.0
2022-08-14,12684610.0
2022-08-15,12529887.0
2022-08-16,12462923.0
2022-08-17,12288809.0
2022-08-18,11809850.0
2022-08-19,11742117.0
2022-08-20,11488413.0
2022-08-21,11161287.0
2022-08-22,11080611.0
2022-08-23,11017899.0
2022-08-24,10900058.0
2022-08-25,10780858.0
2022-08-26,10685401.0
2022-08-27,10388980.0
2022-08-28,10289713.0
2022-08-29,10225960.0
2022-08-30,10095196.0
2022-08-31,9940081.0
2022-09-01,9707912.0
2022-09-02,9483410.0
2022-09-03,9235648.0
2022-09-04,8929865.0
2022-09-05,8732819.0
2022-09-06,8566664.0
2022-09-07,8306905.0
2022-09-08,8123724.0
2022-09-09,7800280.0
2022-09-10,7679783.0
2022-09-11,7499771.0
2022-09-12,7349795.0
2022-09-13,7284177.0
2022-09-14,7191948.0
2022-09-15,7033642.0
2022-09-16,6860566.0
2022-09-17,6708657.0
2022-09-18,6742965.0
2022-09-19,6650795.0
2022-09-20,6582791.0
2022-09-21,6536335.0
2022-09-22,6422128.0
2022-09-23,6506672.0
2022-09-24,6606027.0
2022-09-25,6333233.0
2022-09-26,6309757.0
2022-09-27,6244860.0
2022-09-28,6247124.0
2022-09-29,6235231.0
2022-09-30,6342980.0
2022-10-01,6429591.0
2022-10-02,6204872.0
2022-10-03,6153250.0
2022-10-04,6117035.0
2022-10-05,6233905.0
2022-10-06,6301434.0
2022-10-07,6388446.0
2022-10-08,6444486.0
2022-10-09,6418257.0
2022-10-10,6377476.0
2022-10-11,6455955.0
2022-10-12,6470247.0
2022-10-13,6504473.0
2022-10-14,6451166.0
2022-10-15,6461988.0
2022-10-16,6453106.0
2022-10-17,6469325.0
2022-10-18,6533347.0
2022-10-19,6477310.0
2022-10-20,6395673.0
2022-10-21,6204106.0
2022-10-22,6241723.0
2022-10-23,6125497.0
2022-10-24,6111168.0
2022-10-25,5997725.0
2022-10-26,5831470.0
2022-10-27,5653427.0
2022-10-28,5792726.0
2022-10-29,5594743.0
2022-10-30,5471878.0
2022-10-31,5446697.0
2022-11-01,5352741.0
2022-11-02,5141612.0
2022-11-03,4955278.0
2022-11-04,5192899.0
2022-11-05,4945210.0
2022-11-06,4932642.0
2022-11-07,4978326.0
2022-11-08,4877883.0
2022-11-09,4826236.0
2022-11-10,4814728.0
2022-11-11,4869615.0
2022-11-12,4870307.0
2022-11-13,4906837.0
2022-11-14,4994368.0
2022-11-15,5016598.0
2022-11-16,5080836.0
2022-11-17,5058534.0
2022-11-18,5149041.0
2022-11-19,5183214.0
2022-11-20,5264599.0
2022-11-21,5288105.0
2022-11-22,5413786.0
2022-11-23,5432077.0
2022-11-24,5378153.0
2022-11-25,5530154.0
2022-11-26,5625266.0
2022-11-27,5726582.0
2022-11-28,5735548.0
2022-11-29,5787660.0
2022-11-30,5874683.0
2022-12-01,6073899.0
2022-12-02,6112801.0
2022-12-03,6194154.0
2022-12-04,6260133.0
2022-12-05,6325259.0
2022-12-06,6361417.0
2022-12-07,6536307.0
2022-12-08,6754454.0
2022-12-09,7317646.0
2022-12-10,7865264.0
2022-12-11,8641727.0
2022-12-12,9630557.0
2022-12-13,10702675.0
2022-12-14,12019005.0
2022-12-15,13812900.0
2022-12-16,16366472.0
2022-12-17,19544427.0
2022-12-18,23695179.0
2022-12-19,28825321.0
2022-12-20,34776170.0
2022-12-21,41177708.0
2022-12-22,48147531.0
2022-12-23,54067116.0
2022-12-24,59225365.0
2022-12-25,63185432.0
2022-12-26,66766594.0
2022-12-27,70069204.0
2022-12-28,72092044.0
2022-12-29,73239810.0
2022-12-30,73171666.0
2022-12-31,72075942.0
2023-01-01,69511082.0
2023-01-02,65512439.0
2023-01-03,60790444.0
2023-01-04,55410623.0
2023-01-05,49355547.0
2023-01-06,43815356.0
2023-01-07,38816561.0
2023-01-08,34644749.0
2023-01-09,30376315.0
2023-01-10,26241747.0
2023-01-11,23100858.0
2023-01-12,20333817.0
2023-01-13,18067617.0
2023-01-14,16013552.0
2023-01-15,14412280.0
2023-01-16,13178888.0
2023-01-17,11915523.0
2023-01-18,10678239.0
2023-01-19,9569982.0
2023-01-20,8376333.0
2023-01-21,7517037.0
2023-01-22,6778044.0
2023-01-23,6245525.0
2023-01-24,5811224.0
2023-01-25,5352551.0
2023-01-26,4923644.0
2023-01-27,4442044.0
2023-01-28,4145955.0
2023-01-29,3924319.0
2023-01-30,3717904.0
2023-01-31,3519559.0
2023-02-01,3364965.0
2023-02-02,3207076.0
2023-02-03,3096473.0
2023-02-04,2993049.0
2023-02-05,2919734.0
2023-02-06,2873136.0
2023-02-07,2839491.0
2023-02-08,2786775.0
2023-02-09,2742730.0
2023-02-10,2690377.0
2023-02-11,2669143.0
2023-02-12,2607154.0
2023-02-13,2582608.0
2023-02-14,2560871.0
2023-02-15,2531826.0
2023-02-16,2513341.0
2023-02-17,2407925.0
2023-02-18,2392634.0
2023-02-19,2390725.0
2023-02-20,2373781.0
2023-02-21,2349467.0
2023-02-22,2321324.0
2023-02-23,2299144.0
2023-02-24,1978634.0
2023-02-25,2211361.0
2023-02-26,2253458.0
2023-02-27,2246657.0
2023-02-28,2229726.0
2023-03-01,2201254.0
2023-03-02,2205949.0
2023-03-03,1948765.0
2023-03-04,2118962.0
2023-03-05,2133290.0
2023-03-06,2134328.0
2023-03-07,2116611.0
2023-03-08,2094200.0
2023-03-09,2068969.0
2023-03-10,2051363.0
2023-03-11,1941685.0
2023-03-12,1916733.0
2023-03-13,1966330.0
2023-03-14,1953057.0
2023-03-15,1926980.0
2023-03-16,1888253.0
2023-03-17,1875320.0
2023-03-18,1788949.0
2023-03-19,1750224.0
2023-03-20,1800049.0
2023-03-21,1792985.0
2023-03-22,1769297.0
2023-03-23,1759379.0
2023-03-24,1756478.0
2023-03-25,1716527.0
2023-03-26,1700302.0
2023-03-27,1643516.0
2023-03-28,1628893.0
2023-03-29,1605405.0
2023-03-30,1639881.0
2023-03-31,1606536.0
2023-04-01,1618943.0
2023-04-02,1593311.0
2023-04-03,1547230.0
2023-04-04,1549963.0
2023-04-05,1541587.0
2023-04-06,1524317.0
2023-04-07,1508015.0
2023-04-08,1316684.0
2023-04-09,1461227.0
2023-04-10,1476116.0
2023-04-11,1468345.0
2023-04-12,1449238.0
2023-04-13,1404329.0
2023-04-14,1434137.0
2023-04-15,1244854.0
2023-04-16,1406253.0
2023-04-17,1410776.0
2023-04-18,1387106.0
2023-04-19,1418593.0
2023-04-20,1425523.0
2023-04-21,1445245.0
2023-04-22,1454370.0
2023-04-23,1447200.0
2023-04-24,1452663.0
2023-04-25,1437315.0
2023-04-26,1477965.0
2023-04-27,1468386.0
2023-04-28,1457484.0
2023-04-29,1455837.0
2023-04-30,1432146.0
2023-05-01,1427258.0
2023-05-02,1410333.0
2023-05-03,1391391.0
2023-05-04,1388825.0
2023-05-05,1379283.0
2023-05-06,1360049.0
2023-05-07,1303537.0
2023-05-08,1314850.0
2023-05-09,1314376.0
2023-05-10,1282610.0
2023-05-11,1261246.0
2023-05-12,1230719.0
2023-05-13,1209311.0
2023-05-14,1160736.0
2023-05-15,1092443.0
2023-05-16,1047432.0
2023-05-17,965527.0
